,sample_name,site_id,sample_type,date,time,datetime,description,latitude,longitude,temperature_deg_C,pH,Conductivity_uS_cm,DO_percent,Alkalinity_meq_L,DOC_mg_L,DIC_mg_L,d13C_permil,pCO2_ppmv,Rn_bq_m3,Rn_sterror,pCO2_calc_dic_ph,u_pCO2_calc_dic_ph,alk_calc_dic_ph,u_alk_calc_dic_ph,dic_calc_alk_ph,u_dic_calc_alk_ph,pCO2_calc_alk_ph,u_pCO2_calc_alk_ph,dic_calc_pco2_ph,u_dic_calc_pco2_ph,alk_calc_pco2_ph,u_alk_calc_pco2_ph,pH_calc_dic_alk,u_pH_calc_dic_alk,pCO2_calc_dic_alk,u_pCO2_calc_dic_alk,pH_calc_dic_pco2,u_pH_calc_dic_pco2,alk_calc_dic_pco2,u_alk_calc_dic_pco2,ph_calc_alk_pco2,u_ph_calc_alk_pco2,dic_calc_alk_pco2,u_dic_calc_alk_pco2,KHenry,CO2_calc_alk_ph,CO2_calc_alk_pco2,bicarb_calc_alk_ph,bicarb_calc_alk_pco2,carb_calc_alk_ph,carb_calc_alk_pco2,pco2,CO2_calc,bicarb_calc,carb_calc,dic_calc,dic_calc_u,e_bg,e_dg,e_db,e_cg,e_cb,d13c_bicarb,d13c_co2,d13c_carb
0,ER22-2P,2,P,05/17/22,01:16:00 PM,2022-05-17 13:16:00,small area of ponded water,43.29324,-121.95667,6.1,6.4,,,0.375430988,13.21,35.44386429,-22.64461927,,,,26984.97600130588,2776.8023092814565,1299.2166526328792,169.3397762330188,854.144485736804,139.5013482093301,7803.574100386697,1960.4688713845162,,,,,5.670838723616826,0.04999244684058273,42025.410329594706,1058.9077102210836,,,,,,,,,0.0615478717272548,0.47834775454886563,,0.3757695302110335,,2.7200976904872867e-05,,7803.574100386697,0.47834775454886563,0.3757695302110335,2.7200976904872867e-05,854.144485736804,854.144485736804,10.08399,-1.28011,-11.3641,6.9028,-3.297102714437135,-16.38453820908412,-28.73727410908412,-20.678343820806816
1,ER22-38,38,SP,05/18/22,03:01:00 PM,2022-05-18 15:01:00,"spring near trailhead, someones ashes were dispersed here",43.29124,-121.924,6.0,7.07,,,0.4805190206,0.3763,10.35252743,-15.47571383,,,,3005.2065622091777,546.5129282696607,677.9958849554987,35.6970802913001,611.4553860589508,68.21587730044764,2129.9723196377045,535.0422449553563,,,,,6.605676602508947,0.09945022078865991,6209.420795349718,819.6069429211327,,,,,,,,,0.06177120489437927,0.1310372731055038,,0.48025601733294376,,0.00016209562050322556,,2129.9723196377045,0.1310372731055038,0.48025601733294376,0.00016209562050322556,611.4553860589508,611.4553860589508,10.0954,-1.2806,-11.376,6.9079999999999995,-3.3035667837317337,-13.068789031926055,-25.433413031926055,-17.369052248874056
2,ER22-39,39,SP,05/18/22,03:47:00 PM,2022-05-18 15:47:00,bigger spring near trailhead,43.29202,-121.92377,4.4,6.93,,,0.458080721,0.36785,13.35490182,-16.44164003,,705.73,25.42,4808.858807238368,799.999973183634,799.283095349125,53.92256251423896,637.8849346450033,76.0792294959952,2756.290051982393,692.27445419596,,,,,6.369393181066926,0.07484187130433076,10031.86467547441,765.1791699898433,,,,,,,,,0.06550691428883276,0.17980803541831072,,0.4579705060676537,,0.00010639315903883195,,2756.290051982393,0.17980803541831072,0.4579705060676537,0.00010639315903883195,637.8849346450033,637.8849346450033,10.27796,-1.28844,-11.5664,6.9912,-3.407030088495575,-13.223838188825694,-25.778671788825694,-17.627461247232773
3,ER22-3A,3A,SP,05/23/22,12:05:00 PM,2022-05-23 12:05:00,highest spring above 3,43.29652,-121.9497,7.5,7.38,,,0.6296163878,,11.89513909,-15.07325505,,,,1938.0521552722578,397.16691602781924,878.9094733263224,28.124054258497026,710.0964419236316,73.45608717900996,1388.3357858789925,348.9577785412338,,,,,6.7306264458287535,0.12076642601361555,6201.312199257532,1120.7786729290738,,,,,,,,,0.05853882342089614,0.08094831196216487,,0.6286942850165163,,0.0004538449449505253,,1388.3357858789925,0.08094831196216487,0.6286942850165163,0.0004538449449505253,710.0964419236316,710.0964419236316,9.924249999999999,-1.27325,-11.197499999999998,6.83,-3.206635222908517,-13.81239233739994,-25.99869483739994,-18.01582092508555
4,ER22-3B,3B,FSP,05/23/22,12:28:00 PM,2022-05-23 12:28:00,false spring after 3A disappears underground,43.29622,-121.94956,7.3,7.4,,,,,10.84643046,-14.17154872,,,,1691.6431803572123,348.27077553242617,805.156922561261,25.145502918813804,,,,,,,,,,,,,,,,,,,,,0.05895559830784357,,,,,,,,,,,,,9.94707,-1.27423,-11.2213,6.8404,-3.219555781814475,,,
5,ER22-45,45,P,05/20/22,12:11:00 PM,2022-05-20 12:11:00,ponded/slightly flowing/ tea colored,43.28802,-121.91748,10.7,6.2,,,,23.07,11.41441899,-22.27419907,,,,11735.02870914071,984.57762419518,337.88771721801515,50.729860398284934,,,,,,,,,,,,,,,,,,,,,0.052411643465123475,,,,,,,,,,,,,9.55913,-1.25757,-10.816699999999999,6.6636,-3.00005889921514,,,
6,ER22-51,51,SP,05/20/22,04:13:00 PM,2022-05-20 16:13:00,spring river right downstream of fish camp at site 49,43.29379,-121.89967,5.1,6.57,,,0.2567183568,0.628,8.852644476,-20.12805484,,,,5441.47056363812,672.6576098764215,391.5729322382126,42.96666298548258,483.8254051031523,71.26488294550187,3568.725761365265,896.6123142628859,,,,,6.244693502370206,0.06737386869081244,7557.536005030879,453.2644101538762,,,,,,,,,0.06383414921922839,0.2268715009148254,,0.25692725404792455,,2.665014040238076e-05,,3568.725761365265,0.2268715009148254,0.25692725404792455,2.665014040238076e-05,483.8254051031523,483.8254051031523,10.198089999999999,-1.28501,-11.483099999999999,6.9548,-3.3617560447170893,-14.8231259617433,-27.2947428617433,-19.181520250415673
7,ER22-52,52,SP,05/21/22,12:14:00 PM,2022-05-21 12:14:00,spring going into south fork of deschutes,43.2849,-121.93928,7.0,6.75,,,0.1581947374,0.476,7.023974313,-17.65200115,,,,3523.6731889665302,525.381736173402,376.09776375450934,31.747724812677646,246.35173419706504,31.93069090096434,1483.0287734492292,372.6765723109585,,,,,6.066870993616878,0.059826529555608604,7182.57029735804,318.39981221326616,,,,,,,,,0.059588791444204786,0.0880181126605821,,0.15830723902322383,,2.6382513259105833e-05,,1483.0287734492292,0.0880181126605821,0.15830723902322383,2.6382513259105833e-05,246.35173419706504,246.35173419706504,9.9813,-1.2757,-11.257,6.856,-3.2389387252299127,-13.684726145994633,-25.930469145994632,-17.920425932499313
8,ER22-54,54,FSP,05/26/22,03:59:00 PM,2022-05-26 15:59:00,"middle ""false spring"" - 55 flows and disappears underground, comes up as 54",43.29676,-121.90181,5.5,7.64,,,0.5539858643,,10.63725711,-13.82444909,,,,978.4774955764043,210.69747330776,826.2170961956725,20.036719135416142,594.3426779653116,60.22223805684772,656.0536375524401,165.0481205743286,,,,,6.733360908092839,0.11747913896112049,5305.196627490642,918.8902930141925,,,,,,,,,0.06290537322523784,0.04110079411104613,,0.5525598396372293,,0.0006820442170361417,,656.0536375524401,0.04110079411104613,0.5525598396372293,0.0006820442170361417,594.3426779653116,594.3426779653116,10.15245,-1.28305,-11.4355,6.934,-3.3358913424465486,-13.04017982272152,-25.46424432272152,-17.372735273825622
9,ER22-55,55,SP,05/26/22,03:15:00 PM,2022-05-26 15:15:00,highest spring above closed road,43.29734,-121.902,5.5,7.36,,,0.5669270533,0.3859,11.70746239,-14.99672668,,,,1932.1047827901323,391.4541922209977,855.1324502121045,29.010640056950404,646.8075693613736,67.30407190110151,1280.9265987909478,321.91949814882605,,,,,6.653801323328467,0.10518977536348421,6521.364741356386,946.0811768853858,,,,,,,,,0.06290537322523784,0.08024816477610237,,0.5661926315265453,,0.0003667730587259878,,1280.9265987909478,0.08024816477610237,0.5661926315265453,0.0003667730587259878,646.8075693613736,646.8075693613736,10.15245,-1.28305,-11.4355,6.934,-3.3358913424465486,-13.595369240121471,-26.01943374012147,-17.927924691225574
10,ER22-71,71,P,05/23/22,05:13:00 PM,2022-05-23 17:13:00,wetland draining stream before confluence with clover creek,43.28368,-121.941,22.5,6.7,,,0.261106452,3.713,7.163306286,-14.69598463,,,,5199.46920274314,823.6383891539274,407.8707377334683,30.719905054950654,382.2272765657362,47.34485929117363,3329.2653536304706,836.566160176547,,,,,6.258155092677841,0.07808152349350139,9224.57432263003,773.8441326058777,,,,,,,,,0.03647066602389044,0.12102123087074795,,0.26114792391722397,,5.812177776428623e-05,,3329.2653536304706,0.12102123087074795,0.26114792391722397,5.812177776428623e-05,382.2272765657362,382.2272765657362,8.21275,-1.19975,-9.4125,6.05,-2.24078703294762,-11.750470253752964,-22.153557753752963,-14.989016499667635
11,ER22-73,73,FSP,05/26/22,04:24:00 PM,2022-05-26 16:24:00,"low ""false spring"" downhill of 55 and 54",43.29516,-121.90104,6.2,7.27,,,0.5168727356,0.3592,11.28004545,-16.39728245,,,,2249.6257668695366,444.33021886108327,803.0188017643184,30.76766104325257,605.0510605454459,63.87320551616177,1448.0137997047968,363.849943583858,,,,,6.590940301243869,0.09788249843875262,6924.649841825566,889.1746334574445,,,,,,,,,0.061325688678100045,0.08844119418438585,,0.5163319247684961,,0.0002779415925639636,,1448.0137997047968,0.08844119418438585,0.5163319247684961,0.0002779415925639636,605.0510605454459,605.0510605454459,10.072579999999999,-1.27962,-11.352199999999998,6.8976,-3.2906389259349984,-14.76091933982604,-27.101767139826038,-19.048267626835106
12,ER22-9C,9C,PZ,05/24/22,11:57:00 AM,2022-05-24 11:57:00,porewater piezometer adjacent to channel in saturated floodplain,43.29293,-121.90678,14.9,5.7,,,0.436134721,10.1465342,32.29092759,-24.11021214,,,,49641.651582755054,2034.72729727478,428.32155356046866,84.06641205442179,2739.7691582998136,598.5555594118819,50542.98880492362,12726.829651203736,,,,,5.709267968916509,0.052200418682339884,49471.011826451264,1427.1750729277928,,,,,,,,,0.04570370235480313,2.301649563598014,,0.43811145572682486,,8.138974974776493e-06,,50542.98880492362,2.301649563598014,0.43811145572682486,8.138974974776493e-06,2739.7691582998136,2739.7691582998136,9.07991,-1.23699,-10.3169,6.4452,-2.7293630495256505,-15.578108567413825,-26.884691667413826,-19.30474225388995
13,ER22-9F,9F,SP,05/24/22,03:26:00 PM,2022-05-24 15:26:00,spring upstream of parking at fish camp,43.29286,-121.90768,5.4,7.07,,,0.441930976,0.2567,18.36068805,-17.62762758,,,,5278.063390518237,956.6961652290012,1198.5193966615836,63.7547212232084,564.2295727527902,63.097508854592846,1946.3580735217042,488.91956081354846,,,,,6.122265414262186,0.06183468564375929,17293.76245152039,826.5054639308779,,,,,,,,,0.0631357582549875,0.12238238499443094,,0.44170090947536333,,0.00014627828299586322,,1946.3580735217042,0.12238238499443094,0.44170090947536333,0.00014627828299586322,564.2295727527902,564.2295727527902,10.16386,-1.2835400000000001,-11.4474,6.9392,-3.3423570967088647,-15.18150815442899,-27.61746075442899,-19.520522894041143
14,ER22-9G,9G,SP,05/24/22,04:58:00 PM,2022-05-24 16:58:00,spring downstream of car at frishcamp,43.29317,-121.90714,5.8,7.12,,,0.5312786182,0.2919,11.73390156,-18.41185815,,612.65,56.0,3098.3178079923746,576.214892355863,786.0737498661834,38.35035978460604,660.8963527656935,72.56372906448094,2094.103409892072,526.0539434842315,,,,,6.583888467488326,0.0964851460602559,7202.903651079666,901.9152963729761,,,,,,,,,0.062221350083730385,0.129768027666676,,0.5309285243959985,,0.0001998007030189308,,2094.103409892072,0.129768027666676,0.5309285243959985,0.0001998007030189308,660.8963527656935,660.8963527656935,10.118219999999999,-1.2815800000000002,-11.399799999999999,6.9184,-3.3164957647388693,-16.20878452245991,-28.59718472245991,-20.52196379143404
15,ER22-9P,9P,P,05/24/22,03:04:00 PM,2022-05-24 15:04:00,ponded isolated water in floodplain with sheen on top. tea colored,43.29218,-121.90727,25.6,6.88,,,0.5263524755,15.78,15.10027031,-14.83379345,,,,8552.216765952018,1530.2306749627,972.8850903081232,53.94220316516365,680.8290439776675,76.8828060640121,4627.1470206439435,1162.5449163266433,,,,,6.2057747881593635,0.07565801721052066,21889.78148353199,1711.316091501601,,,,,,,,,0.03352072071526632,0.15461417796470847,,0.5260258227196937,,0.00018904329326542305,,4627.1470206439435,0.15461417796470847,0.5260258227196937,0.00018904329326542305,680.8290439776675,680.8290439776675,7.859039999999999,-1.18456,-9.0436,5.8888,-2.0419626450568362,-12.805760166926087,-22.840316566926084,-15.845680849337866
16,ER22-T2,T2,P,05/26/22,12:14:00 PM,2022-05-26 12:14:00,transect through fish camp 2 (pond),43.29035,-121.91016,20.1,6.43,,,0.3908907298,21.36246,14.14291428,-19.78465279,,,,14296.041096432424,1757.0199757811763,621.9433427354136,68.67296510433562,740.9822340689099,109.53507653922794,8988.05911731124,2258.105839351808,,,,,6.07847050162522,0.06573817697411707,20219.725280207327,1139.5983383284458,,,,,,,,,0.0390486663335218,0.3497828398401525,,0.39115508182071107,,4.431240804621033e-05,,8988.05911731124,0.3497828398401525,0.39115508182071107,4.431240804621033e-05,740.9822340689099,740.9822340689099,8.48659,-1.21151,-9.6981,6.174799999999999,-2.394899805685519,-15.276430923565774,-25.964832823565775,-18.66893582944561
17,ER22-T4,T4,SP,05/26/22,01:17:00 PM,2022-05-26 13:17:00,transect through fish camp 4 (spring halfway through),43.29157,-121.90995,5.9,7.06,,,,0.2337,6.952122826,-17.47926407,,,,2051.515920583956,371.0368804594599,452.7598450019576,24.272143507394116,,,,,,,,,,,,,,,,,,,,,0.06199569529208845,,,,,,,,,,,,,10.10681,-1.28109,-11.3879,6.9132,-3.3100311338289305,,,
18,ER23-1,1,R,60923,10:47:00 AM,2023-06-09 10:47:00,barn creek,43.29535,-121.9578,6.5,7.65,31.38,101.4,0.317850625,0.6108,5.159901546,-5.195324186,408.3337277,19.8903217166348,4.105435480629,470.39174860513134,101.62735772571861,402.165653000129,9.578734523114255,339.8266050533938,34.40253258406538,371.7550721816302,93.55143113126634,373.26367492113724,83.44163322722986,349.11820695903276,83.2919243435943,6.952847894622188,0.1686883523189957,1855.8296923903413,539.9220719522547,7.715388975780616,0.04674274293018817,406.0243879752105,7.914952331826357,7.609357177242924,0.05051694059407885,342.0842589417958,31.734798999838794,0.06066596986486015,0.02246200160240651,0.02467213908364053,0.31695147495970116,0.3170357993797104,0.00041312849128608844,0.0003763204784448601,408.3337277,0.02467213908364053,0.3170357993797104,0.0003763204784448601,342.0842589417958,342.0842589417958,10.03835,-1.2781500000000001,-11.3165,6.882,-3.27124924508197,-4.379135667363406,-16.684319167363405,-8.647113663200294
19,ER23-10 PZ,10,PZ,61323,05:15:00 PM,2023-06-13 17:15:00,piezometer at site 10 inside of bend,43.29705,-121.89109,10.7,6.1,,,0.759446569,10.548344,38.150797,-25.298492,33095.61779,,,42319.93437049266,3068.3148202233906,968.8880765587496,156.36302260726478,2492.5483881723653,470.72936847152766,33179.22323962934,8334.933616293123,2486.2676314707696,229.67181961483968,757.5309137342545,180.65199056582904,5.9552416313774685,0.0578059751881876,46324.947743818375,1818.6571205335767,6.381892084398828,0.09666120516265345,1450.9632723009668,118.50500807866516,6.101094483101355,0.05055122255428188,2488.1811180238897,128.50731689658727,0.052411643465123475,1.7323430641277298,1.7279778829496568,0.7601736779619869,0.7601715092289444,3.1646082648626626e-05,3.1725845288338435e-05,33095.61779,1.7279778829496568,0.7601715092289444,3.1725845288338435e-05,2488.1811180238897,2488.1811180238897,9.55913,-1.25757,-10.816699999999999,6.6636,-3.00005889921514,-17.92115638561879,-29.72703968561879,-21.918215225934716
20,ER23-100,100,R,61123,04:08:00 PM,2023-06-11 16:08:00,"100th site at or near the uppermost extent of Beaver Camp, inferred mainstem, buggy, lots of downed wood. ~2.5 m channel, sand, pumice gravel, lots of aquatic vegetation",43.279,-121.94798,7.07,7.44,24.0,,0.2871524001,0.73,4.742611478,-7.553613901,724.1922316,,,679.0158711737556,141.0785275219086,355.3340063201568,10.571119781582505,319.3776689378923,32.825519487738845,548.7166902368962,137.9650806923187,421.51228658906575,90.85691969083447,378.97342442620527,90.33923884186059,6.9188159311077255,0.16090467440743234,1824.8243377922208,498.27112432223385,7.4087665266725935,0.04945929050440807,352.6302970551179,7.585768076056824,7.319706141257639,0.050567537458327164,329.84946050190433,28.78689638444553,0.05944017684912109,0.03248536579016869,0.04287394563443637,0.28665781830520465,0.2867976735166122,0.00023448484251891886,0.00017784135085578272,724.1922316,0.04287394563443637,0.2867976735166122,0.00017784135085578272,329.84946050190433,329.84946050190433,9.973313,-1.275357,-11.248669999999999,6.85236,-3.2344158124785514,-6.098691632973452,-18.336112962973452,-10.329873029639526
21,ER23-101,101,R,61223,11:45:00 AM,2023-06-12 11:45:00,"upstream of beaver camp. Upstream of beaver camp. River is about 4 m wide, sandy bottom",43.28102,-121.94336,6.1,7.37,28.26,100.6,0.2859818779,0.7366,4.51808571,-7.923303171,635.1573011,,,736.8090562153332,149.98003995874566,331.5710335383362,10.996594880506354,324.73866137269755,33.71166754115113,635.5002590758234,159.74209371966543,324.5634109107418,68.64089572244309,285.8275461442327,68.12415784823384,7.004233442616278,0.1828805841333981,1476.8732751840316,477.9367433761458,7.442511740320661,0.04917763093827006,337.86303873171994,7.188950783800649,7.37023404706326,0.05056339913646518,324.7174857615749,28.647374881859253,0.0615478717272548,0.038955242563670715,0.03893421973803605,0.2855904857390141,0.2855902291247625,0.00019293307001274246,0.00019303689877630577,635.1573011,0.03893421973803605,0.2855902291247625,0.00019303689877630577,324.7174857615749,324.7174857615749,10.08399,-1.28011,-11.3641,6.9028,-3.297102714437135,-6.567728675936011,-18.920464575936013,-10.86153428765871
22,ER23-102,102,R,61223,12:49:00 PM,2023-06-12 12:49:00,"middle of beaver camp, before organic rich side-channel",43.28365,-121.94099,7.3,7.1,30.32,99.7,0.3074641448,0.7425,5.76505046,-10.02968659,1115.057055,,,1617.6178973992626,300.33305566369796,385.5280809719038,18.93537907766458,383.1552464453678,42.12219654550749,1290.116272388954,324.1265950576265,331.1639189838569,64.35126217811593,265.7366829221402,63.31892606010581,6.742126530708323,0.12230035590087485,2943.4201332218977,542.671285974366,7.293527245301213,0.051060538662895213,415.18224601343763,9.519926026147218,7.163258913292524,0.050581908801326785,372.84226049922546,30.961552803334452,0.05895559830784357,0.07575628139837261,0.06547671542612175,0.3072832594753762,0.30723171912293584,0.0001157055716189967,0.00013382595016787197,1115.057055,0.06547671542612175,0.30723171912293584,0.00013382595016787197,372.84226049922546,372.84226049922546,9.94707,-1.27423,-11.2213,6.8404,-3.219555781814475,-8.07382156246221,-20.28390026246221,-12.29015778849487
23,ER23-103,103,R,61223,04:30:00 PM,2023-06-12 16:30:00,"cross log, northern main stem before confluence",43.2911,-121.93449,8.7,6.97,51.05,98.2,0.3735747068,1.053,5.972380384,-11.7637196,1257.563142,,,2166.078044718614,379.5005062153824,376.62985638525805,22.22516030076943,493.66201855595017,56.61425269383467,2148.5110950471903,539.7057726683562,288.94947788372826,53.26571548232299,218.62582152673627,52.1044403855411,6.955686530398255,0.17636905379962525,2220.5694233375743,685.2534206374226,7.260968159356351,0.05135696090167263,427.6296639117929,9.924475045159651,7.202357386567516,0.05058051882494888,443.71483106035623,37.549646038191156,0.05612508898728089,0.12011323767730163,0.07030449175592579,0.3734400455845558,0.37322478223457217,0.00010873529409275156,0.00018555706985825952,1257.563142,0.07030449175592579,0.37322478223457217,0.00018555706985825952,443.71483106035623,443.71483106035623,9.787329999999999,-1.26737,-11.054699999999999,6.7676,-3.129135441282747,-10.028425264862559,-22.072070564862557,-14.154431570704023
24,ER23-103 PZ,103,PZ,61223,04:45:00 PM,2023-06-12 16:45:00,"cross log, ~10m from the main stem on the floodplain",43.29126,-121.93455,12.3,5.88,74.27,,0.4021222721,3.743532,25.57328734,-25.28593721,27895.21552,,,33798.20007826215,1779.2231897234262,456.50908912827214,83.49389965793164,1877.9445258500548,388.923342962722,29783.176786011412,7492.991182079262,1758.9012636085226,136.7819096384179,376.5482725346158,90.22017554859987,5.8114898369162855,0.05397962121658804,34892.11954566222,1119.2539616707857,6.177760829050385,0.12537041137666147,749.4402605937651,91.44078577367425,5.908349878160278,0.05037587289221871,1784.3903925485586,92.11732528342814,0.049694127243662116,1.474517302870233,1.3810473693609864,0.4034166403788309,0.4033317291070495,1.0582600991051536e-05,1.1294080522840304e-05,27895.21552,1.3810473693609864,0.4033317291070495,1.1294080522840304e-05,1784.3903925485586,1784.3903925485586,9.37657,-1.24973,-10.626299999999999,6.5804,-2.896878403499101,-17.203068371779857,-28.81874207177986,-21.09704989687546
25,ER23-109,109,R,61323,02:08:00 PM,2023-06-13 14:08:00,A small drainage for the eastern part of the southern edge of the southern subcatchment.,43.2854,-121.93465,7.3,7.08,43.73,96.4,0.4600523723,0.3205,7.790889556,-15.03014215,1748.802606,,,2267.9718496355795,417.2217615851237,516.1942776061381,26.164630938495502,578.6361938346064,64.02399528816315,2021.3310780972347,507.7771895256593,500.6208506210889,96.46598283815372,398.0177476988893,94.81919038217154,6.877731291569299,0.15108517720640902,3221.652231857037,806.6734190706567,7.217764818539108,0.05239257187060913,546.7973366647614,13.236844558017529,7.14283344551408,0.05059032165859643,562.5919729471019,46.37024046855503,0.05895559830784357,0.11869358539913334,0.10269057538900761,0.45977727416915937,0.4597103536903593,0.0001653342663136503,0.0001910438677349938,1748.802606,0.10269057538900761,0.4597103536903593,0.0001910438677349938,562.5919729471019,562.5919729471019,9.94707,-1.27423,-11.2213,6.8404,-3.219555781814475,-13.00746835551189,-25.217547055511886,-17.22380458154455
26,ER23-110,110,R,61323,12:00:00 AM,2023-06-13 00:00:00,Mainstem sample after confluence with ER23-109,43.28662,-121.93434,8.85,7.17,30.18,101.7,0.3117878523,,,,,,,,,,,374.673180745416,40.201383200982214,1132.8030684612193,284.6459328703106,,,,,,,,,,,,,,,,,0.05583352610997879,0.06300123045958195,,0.31152754659779736,,0.00014440368803666053,,1132.8030684612193,0.06300123045958195,0.31152754659779736,0.00014440368803666053,374.673180745416,374.673180745416,9.770215,-1.266635,-11.036850000000001,6.7598,-3.1194508092945625,,,
27,ER23-19,19,R,60723,12:00:00 PM,2023-06-07 12:00:00,Mainstem site ,43.28815,-121.91452,,7.1,40.705,95.9,0.3044850063,1.88,5.857349869,-12.56966993,1334.13154,,,1682.195630384607,314.4434121738725,394.39095131856413,18.909604940096944,376.8547332347808,41.23557430763447,1298.7649357791263,326.3140628985249,387.1168459789026,75.69061668087213,312.77768609666265,74.52361374743116,6.696800270996724,0.11703239482603028,3289.5669395085993,566.8170129244987,7.221497554232182,0.05203795581871689,413.8956154078091,9.876853242790366,7.08834527635933,0.050583329056593955,378.83362968566826,30.741854626214277,0.05599750268221653,0.07244307873493266,0.07441577265634886,0.3042919020179449,0.304301271896402,0.00011975248190311274,0.00011658513291739374,1334.13154,0.07441577265634886,0.304301271896402,0.00011658513291739374,378.83362968566826,378.83362968566826,,,,,,,,
28,ER23-2,2,R,60923,11:06:00 AM,2023-06-09 11:06:00,"near hobo site 2, hiked down past saturated slope break springs with ponded water",43.29324,-121.95667,6.2,7.4,51.85,95.7,0.3497960039,1.169,6.064548749,-11.44719383,960.3163808,186.758197398026,17.9483758386608,931.6785838676907,191.22952859487629,448.81210207456206,14.250350014139446,393.88020987434317,40.715791854394816,726.1277394327107,182.5301290590711,520.9133284327938,111.01903990013082,462.60724322490495,110.25516856086452,6.8556978575399645,0.14300631221187016,2546.4504101466355,590.4235091503211,7.3851652231147105,0.049886217421435494,447.0476939742801,9.778275341722397,7.278783774636239,0.05057678129011274,408.2710837870523,35.11060709575926,0.061325688678100045,0.04435013286401669,0.0586538108477241,0.349276450954013,0.34942533416059446,0.0002536260563134731,0.00019193877873377953,960.3163808,0.0586538108477241,0.34942533416059446,0.00019193877873377953,408.2710837870523,408.2710837870523,10.072579999999999,-1.27962,-11.352199999999998,6.8976,-3.2906389259349984,-9.830793899367576,-22.171641699367576,-14.118142186376641
29,ER23-21,21,R,60723,03:00:00 PM,2023-06-07 15:00:00,At cow camp,43.3076,-121.86453,10.5,7.04,40.17,96.7,0.3304003304,2.352,5.608367617,-12.74811081,1496.890852,,,1849.8253229916136,339.0588975850179,370.2041311704641,19.008894171112185,417.12150231085343,46.2777307555703,1650.9657792047444,414.7828323060829,378.19400550044975,72.63318055192669,299.5606352594222,71.37700566954135,6.842176314366446,0.1501669654394114,2604.7231169372394,646.8955625467592,7.153134154232219,0.053035666084630145,388.83531349399465,9.667242231080678,7.08250005353942,0.050583332836705214,408.9984085483959,33.3399529036594,0.05276659868509203,0.08678262462095702,0.07868371261470614,0.33021982661802063,0.3301834198899677,0.00011905107187579498,0.00013127604372206278,1496.890852,0.07868371261470614,0.3301834198899677,0.00013127604372206278,408.9984085483959,408.9984085483959,9.581949999999999,-1.25855,-10.840499999999999,6.6739999999999995,-3.0129615062080486,-10.683924256863577,-22.513583756863575,-14.693872801565417
30,ER23-22,22,R,60723,02:30:00 PM,2023-06-07 14:30:00,This is a straight-ish reach,43.3002,-121.87805,10.3,7.08,39.79,96.9,0.3123609776,2.179,6.35910921,-12.95709967,1486.393087,168.95370372367,21.177828271669,1942.2984547422468,362.2890257300852,427.2575521683005,20.64334961569834,387.43569117525755,42.457102273475016,1420.0399196132637,356.787995525051,405.5391155319115,79.13805104582507,326.9586359084663,77.90238870466682,6.619187306038089,0.10723584316887123,4107.595532000656,615.6984518705189,7.219981030999356,0.051791367329063503,451.4982360967279,10.666039151340101,7.06018972769953,0.050583086598842454,390.95815095023937,31.55763489093963,0.05312508119318927,0.07515042714547973,0.0786619262256795,0.31216257004789105,0.31217899551406736,0.00012269398188676837,0.00011722921049247615,1486.393087,0.0786619262256795,0.31217899551406736,0.00011722921049247615,390.95815095023937,390.95815095023937,9.604769999999998,-1.25953,-10.864299999999998,6.6844,-3.025865234588135,-10.793867770078748,-22.647303470078747,-14.816707139432294
31,ER23-23,23,R,60623,12:21:00 PM,2023-06-06 12:21:00,outlet measurement,43.32885,-121.84604,8.9,7.3,40.8,98.8,0.3046413296,3.235,5.083059285,-11.98954246,829.7372324,141.617132079179,22.6942924300997,993.1432651987255,199.8212456543719,368.6832504323619,12.960971363840988,350.0085326842574,36.563459834895916,820.628517215789,206.26295632178366,353.89351592500697,74.04233188096896,308.0227194436641,73.40929495674085,6.883868255830211,0.15669028800243295,2141.7791747014785,564.0579722473341,7.388573739906421,0.0494739844476706,377.8357391465198,8.132929270712461,7.295213600552483,0.05056753812306957,350.51746219948006,30.54312015961317,0.05573682592809458,0.04556060728591835,0.046066315516476844,0.30425739439345956,0.30426270072239003,0.0001905310048794811,0.00018844596061322157,829.7372324,0.046066315516476844,0.30426270072239003,0.00018844596061322157,350.51746219948006,350.51746219948006,9.76451,-1.2663900000000001,-11.030899999999999,6.7572,-3.116222738890426,-10.553462253923776,-22.573331353923777,-14.666568770075312
32,ER23-24,24,R,61223,01:48:00 PM,2023-06-12 13:48:00,Downstream of beaver camp. River width is about 4 m here,43.28495,-121.93915,8.4,7.18,29.73,99.3,0.3072520929,0.7733,5.268066176,-10.4419077,1045.350861,254.058686094964,22.0610878363443,1293.1823759779866,249.401017961325,366.0946894630928,15.561977886547611,368.44925045664144,39.48036218022316,1085.3441727141155,272.72227812821285,354.87244588644165,71.40304016989252,295.9292933883627,70.51476380944511,6.848332544236521,0.146647161369565,2331.244903377433,560.1205016617981,7.288645150024911,0.050955276359666124,380.1777542726566,8.680901012699733,7.196284368718579,0.05057797467480761,366.1805690829614,30.890711756944974,0.05671486160298111,0.061313188689965534,0.05905388926300849,0.306992382445337,0.3069775180225965,0.00014367932133893614,0.00014916179735645842,1045.350861,0.05905388926300849,0.3069775180225965,0.00014916179735645842,366.1805690829614,366.1805690829614,9.82156,-1.26884,-11.090399999999999,6.7832,-3.1485065988640413,-8.667591425176077,-20.746901025176076,-12.812949517441254
33,ER23-24 PZ,24,PZ,61223,02:00:00 PM,2023-06-12 14:00:00,"downstream of beaver camp, inside of bend",43.28495,-121.93915,19.8,6.11,406.9,,0.4971167485,7.7268,31.80672688,-22.07401465,50166.13587,,,44050.15832555441,3613.8592248909267,920.5668816060361,139.60047457722413,1432.3490782697538,258.8031956223827,23804.475291012244,5982.203611811388,3018.5676262681536,301.9703426884899,1048.4860780515407,249.8941934793673,5.7487070334839006,0.053930059948753946,54810.03081519353,1750.3972650535816,5.922419427750587,0.17169692402047634,680.0239660517533,127.73239001547226,5.78702311615615,0.05035754420452995,2468.1032920696307,128.22036531952068,0.03939090002804257,0.9344915606316128,1.9693704661372688,0.49783071034140686,0.49872006003668584,2.6807296734173738e-05,1.2765895675997714e-05,50166.13587,1.9693704661372688,0.49872006003668584,1.2765895675997714e-05,2468.1032920696307,2468.1032920696307,8.52082,-1.21298,-9.7338,6.1903999999999995,-2.414175214220177,-14.419115421209309,-25.143181621209308,-17.830876460215265
34,ER23-27,27,R,60923,02:13:00 PM,2023-06-09 14:13:00,"Mainstem north subcatchment, from here went to find the sample that was ultimately named ER23-96.",43.2934,-121.94202,8.1,6.93,47.26,97.6,0.3460897319,1.161,5.905588655,-11.68469159,1131.456448,260.920837017181,27.837907517808,2270.739536520264,387.37508169684054,362.4996872684892,22.995865155207845,469.8600320795075,54.98082806920641,2167.9730447943653,544.584003066077,245.2180686611216,44.131187141747816,180.57672463045873,43.04721744054539,6.8583113608340085,0.14832551622874718,2557.451698047085,624.2690540384015,7.304042003691162,0.050762767211566036,427.8042019855785,9.691963696040355,7.2121143970269435,0.05057940678621443,410.5301287735671,34.78276082585197,0.05731363129908648,0.12376408443977982,0.06459197991711535,0.34600569871206266,0.3457654637796857,9.024892766499457e-05,0.00017268507676603375,1131.456448,0.06459197991711535,0.3457654637796857,0.00017268507676603375,410.5301287735671,410.5301287735671,9.855789999999999,-1.27031,-11.1261,6.7988,-3.1678802814797713,-9.950232709657802,-22.0652066096578,-14.114945110856095
35,ER23-3,3,R,60923,10:15:00 AM,2023-06-09 10:15:00,Gently flowing small stream crosses the trail,43.29562,-121.94952,7.2,7.58,64.95,98.5,0.6417598613,0.5837,8.668006894,-14.07369214,1420.25363,,,926.2553436128022,198.06861245721095,668.5666306323601,16.883996701082076,693.3686840266416,70.42319864833297,889.1129735275267,223.63873448701284,1107.575099832544,245.22737092622344,1025.1001012579334,244.47395186347774,7.3908629957060965,0.38988494894753334,1375.5340408287434,1101.7588393171452,7.375191315332682,0.04987509830316954,639.1025798239395,13.971704324751405,7.376990511933163,0.050568391266236024,724.9870347607141,64.27454200483156,0.05916558537821484,0.052394847307476816,0.08369461957855008,0.6402480097647436,0.640837193355966,0.0007258269544211587,0.00045522182619803735,1420.25363,0.08369461957855008,0.640837193355966,0.00045522182619803735,724.9870347607141,724.9870347607141,9.95848,-1.27472,-11.2332,6.8456,-3.22601648226862,-12.791486941408783,-25.01345374140878,-17.014277407195134
36,ER23-37,37,R,60723,10:30:00 AM,2023-06-07 10:30:00,Probably about 15 meters away from the actual site 37 and maybe across the river. Didn't record the temperature here.,43.28931,-121.92989,,7.16,39.81,96.3,0.311053277,1.29,5.098574103,-12.85571077,1104.966926,171.924453655318,17.2825496319319,1307.710275675215,250.6193666698829,352.06683412904016,15.353978919059617,375.38960234156076,40.38916284778246,1155.3838319027568,290.3143267546468,359.0089141792907,71.81851882200068,297.4786369092685,70.88309068495032,6.9132907666925405,0.16420974366260524,2040.3388420453216,572.6189771553494,7.246854315364604,0.05158616563046453,363.4378865490282,8.514701314951624,7.179352516976245,0.050578872283811256,372.5662914865927,31.286555281125793,0.05599750268221653,0.0644455048005961,0.06163332856818649,0.3108036609579804,0.3107861351220167,0.00014043658298423318,0.00014682779638957823,1104.966926,0.06163332856818649,0.3107861351220167,0.00014682779638957823,372.5662914865927,372.5662914865927,,,,,,,,
37,ER23-54,54,FSP,60723,03:00:00 PM,2023-06-07 15:00:00,"valley between two convex hillslopes, groundwater emerges from subsurface and forms spring",43.29676,-121.90181,6.24,7.74,25.0,,0.5923134208,0.4933,7.18707357,-11.82522978,,,,537.3695575787079,117.53544154383573,567.1442187765692,12.602875060328293,625.5068067954334,63.08990476061501,561.221441950759,141.27913901386552,,,,,8.265959085741878,1.9287688930690041,165.8570115125864,728.5342009340168,,,,,,,,,0.06123713590783549,0.03422862998964114,,0.5903391672457265,,0.0009390095600656808,,561.221441950759,0.03422862998964114,0.5903391672457265,0.0009390095600656808,625.5068067954334,625.5068067954334,10.068016,-1.2794240000000001,-11.34744,6.895519999999999,-3.2880534891537643,-11.206359445320244,-23.542452005320243,-15.491124880984854
38,ER23-7,7,R,60723,12:00:00 AM,2023-06-07 00:00:00,Fairly close to 23,43.31962,-121.85446,10.7,7.15,40.095,99.35,0.3375502968,2.448,5.97167959,-12.07971573,1137.189373,,,1608.4088363497742,309.330609087217,413.8286330878186,17.792709981359526,405.91915732623755,43.57497642803396,1311.960462005648,329.6658962619291,351.8451701683409,70.61258795243252,292.5804165297651,69.71909457641168,6.7819244902074685,0.13683579562868065,3064.6567196651836,667.2413803871026,7.325553971514159,0.05007059687697182,438.59062789899855,9.665223014427971,7.212004935678543,0.05057458563680536,396.7537420513895,33.89712858101093,0.052411643465123475,0.06849966288694473,0.05937457030529077,0.3372619603703449,0.337197496227999,0.0001575340689479461,0.0001816755180997274,1137.189373,0.05937457030529077,0.337197496227999,0.0001816755180997274,396.7537420513895,396.7537420513895,9.55913,-1.25757,-10.816699999999999,6.6636,-3.00005889921514,-10.476585817963452,-22.28246911796345,-14.473644658279376
39,ER23-72,72,P,61123,09:19:00 AM,2023-06-11 09:19:00,organic-rich side channel draining beaver camp,43.283789,-121.94094,10.0,6.48,27.3,74.1,0.2621862472,6.837272,6.900708445,-16.83076313,4345.744336,,,5281.612990586577,626.2958044952784,292.39511138578183,33.59937901589763,515.7121006377138,77.92370794762579,4736.542779930488,1190.186548994228,473.16218695398265,62.307632898156534,240.52742804989302,57.40200685473323,6.388821387137941,0.08083086260695004,5845.032173071396,525.7174296738733,6.633221633657953,0.07403157919425779,342.55062480084666,17.394344157035125,6.517343204909217,0.05053412772858942,494.7885057130137,29.671265453324292,0.05366951067754841,0.2532292637747124,0.23233604970724187,0.262457147756777,0.2624244637361246,2.5689106224395827e-05,2.799226964719648e-05,4345.744336,0.23233604970724187,0.2624244637361246,2.799226964719648e-05,494.7885057130137,494.7885057130137,9.639,-1.2610000000000001,-10.899999999999999,6.699999999999999,-3.0452229299363065,-11.7725745437149,-23.6616745437149,-15.81475225072127
40,ER23-72 PZ,72,PZ,61123,09:45:00 AM,2023-06-11 09:45:00,piezometer near 72,43.28379,-121.94094,15.7,5.83,40.8,,0.4185653821,20.608866,27.16956709,-21.90607847,36788.22311,,,40438.98834172186,2058.400054892997,466.6659310656069,86.27083241215745,2031.49610691789,424.11397336670876,36283.970419599005,9130.071671284084,2059.728611949896,157.76990125523616,424.40286142747294,101.68282844641024,5.771709831587355,0.0537051340835395,41517.175601536284,1311.4448536666396,6.000246337706043,0.1585137117356044,629.2990402053902,106.39968299290457,5.824027517728776,0.05033179506983609,2053.911953934909,106.61740112569542,0.04457213760587999,1.6114656075612037,1.6338607825848965,0.4200197549579495,0.42004057317321575,1.0744398736652284e-05,1.0598176796579154e-05,36788.22311,1.6338607825848965,0.42004057317321575,1.0598176796579154e-05,2053.911953934909,2053.911953934909,8.988629999999999,-1.23307,-10.221699999999998,6.4036,-2.6778579386111003,-13.887757346046147,-25.099235646046147,-17.562937426718637
41,ER23-75 Jun12,75,R,61223,04:40:00 PM,2023-06-12 16:40:00,hobo site 75,43.2893,-121.93092,,,,,0.3384298552,,,,,,,,,,,,,,,,,,,,,,,,,,,,,,,0.05599750268221653,,,,,,,,,,,,,,,,,,,,
42,ER23-79,79,R,61123,11:07:00 AM,2023-06-11 11:07:00,"left branch (north) above confluence. Large black boulders with 2-5 cm red abd black cobbles, mossy bottom",43.27782,-121.96536,5.18,7.39,18.0,,0.2093488192,0.4702,3.597442242,-7.883838427,452.0204881,,,556.2244251387142,113.52295732588,264.7172764785278,8.662622633329024,237.08189971817868,24.579453481246233,439.8816754035488,110.58193801711577,243.62432450038318,51.65055392914173,215.12577851826825,51.278020120382244,6.879995465389387,0.14584247059503483,1425.6327537290706,339.9975753543497,7.490724847046732,0.04874827450570301,271.3959391909871,5.681019421865514,7.378198630487876,0.05055904867817649,237.85753624728784,20.969998923821418,0.0636468433215655,0.027882282564722905,0.028651711764728117,0.20905598079408017,0.20906603197368484,0.00014363635937559956,0.00013979250887491727,452.0204881,0.028651711764728117,0.20906603197368484,0.00013979250887491727,237.85753624728784,237.85753624728784,10.188962,-1.284618,-11.47358,6.95064,-3.3565827447395886,-6.508796052593541,-18.970902472593544,-10.86202221458839
43,ER23-80,80,R,61123,11:13:00 AM,2023-06-11 11:13:00,clover creek upstream,43.27762,-121.96526,4.83,7.4,17.0,,0.19255378,0.6307,3.609444272,-7.399981252,369.7745221,,,544.2299202718955,111.25488089176655,266.0346393944037,8.632570564770933,217.7053957859041,22.552329996309563,393.90592433446176,99.02793260943498,204.36836237317073,43.393031460434464,180.75795084097268,43.08912361520792,6.769957949476672,0.12228535501113559,1683.7157737438201,310.5548356311309,7.585608307251347,0.047858018434743785,277.38441442280765,5.618293130021487,7.427404026300121,0.05055181822615438,216.14189150127035,19.272090163648738,0.06447211090236771,0.025291331567517086,0.0237419380260717,0.19228038740486184,0.19225758671268828,0.00013367681352517268,0.00014236676251037412,369.7745221,0.0237419380260717,0.19225758671268828,0.00014236676251037412,216.14189150127035,216.14189150127035,10.228897,-1.286333,-11.515229999999999,6.96884,-3.3792172593951033,-6.140654835835533,-18.644369605835532,-10.516492877971242
44,ER23-81,81,R,61123,10:10:00 AM,2023-06-11 10:10:00,ds confluence of 2 small southern subcatchments,43.27795,-121.965,4.58,7.55,17.0,,0.1992390381,0.5808,3.766202484,-7.597247858,655.0628613,72.0118217790048,12.0435835211481,414.7000431980544,87.70691050812997,287.2911811510991,7.735706852276838,217.64621863785922,22.202059342015037,287.58272022109395,72.3345724454803,495.7598099859127,108.64356458702562,453.7866732526263,108.19772175280836,6.7627568325878515,0.12050574422256206,1766.6209601928995,318.61710610742983,7.327385006153559,0.05099954888586128,271.5499333598728,6.212072932779438,7.193108824723849,0.05057360306657185,241.63941982313992,20.061394040707164,0.06507090110280417,0.018635924704008495,0.04244935909290331,0.19881662237417438,0.19910478927199488,0.00019367155967635438,8.527145824170656e-05,655.0628613,0.04244935909290331,0.19910478927199488,8.527145824170656e-05,241.63941982313992,241.63941982313992,10.257422,-1.287558,-11.54498,6.98184,-3.395386876747512,-5.579238296660354,-18.112673316660356,-9.971229786531119
45,ER23-83,83,R,61123,02:50:00 PM,2023-06-11 14:50:00,potentially main stem site (clover creek) in southern subcatchment with heinous levels of bugs. obs: flow is much gentler in the river compared to site 81 but the ground adjacent to the river is wetter. interp: more hyporheic flow/aquifer recharge?,43.27724,-121.95143,7.0,7.57,33.0,,0.4108672412,0.6578,5.580558037,-7.232013364,580.5392476,,,607.5942176499067,129.64675392391055,429.5135413295829,10.988335252752378,444.8549884947816,45.221182589228164,581.2135279161762,146.19701824236324,444.3389011226066,98.18287083931234,410.3906489170161,97.87406425052438,7.371953394712532,0.3734959060090182,917.8685315766115,700.5061764703602,7.591380498531413,0.047603391604719866,431.15037814050623,8.653325300150211,7.570502888130285,0.050527415749201096,444.8143208566738,41.039399222270774,0.059588791444204786,0.03449516199270939,0.03445514329455838,0.4099084880844573,0.4099073175081491,0.000451338417614895,0.0004518600539663497,580.5392476,0.03445514329455838,0.4099073175081491,0.0004518600539663497,444.8143208566738,444.8143208566738,9.9813,-1.2757,-11.257,6.856,-3.2389387252299127,-6.36232895270575,-18.60807195270575,-10.598028739210433
46,ER23-86,86,R,60723,01:30:00 PM,2023-06-07 13:30:00,"Close to site 10, but made new site number here ",43.29705,-121.89109,9.8,6.95,40.8,96.3,0.3327285295,1.836,5.724436022,-12.88381013,1483.769802,,,2190.4010556542125,381.82759954030945,359.14707625222627,21.50006768872333,441.9544102382548,50.878974702072334,2029.3158725502308,509.78414628032766,323.1426987993514,59.29769318265321,243.25702074539774,57.971074672811916,6.829356458592689,0.1454951898864258,2679.838790622137,636.7606458907866,7.162799519999556,0.05297644093866356,397.32659973436614,9.854003630553391,7.0858399548585345,0.0505842398027148,412.51392901110984,33.58090379355664,0.05403699647409194,0.10923486942955152,0.07986898578844563,0.3326240130868861,0.3325143783931285,9.552772181716697e-05,0.00013056482953574213,1483.769802,0.07986898578844563,0.3325143783931285,0.00013056482953574213,412.51392901110984,412.51392901110984,9.661819999999999,-1.26198,-10.923799999999998,6.7104,-3.058129462138508,-10.790660824026446,-22.703537024026446,-14.845732156702816
47,ER23-87,87,R,60823,11:06:00 AM,2023-06-08 11:06:00,Lil D headwaters,43.2936,-121.99086,7.06,7.4,36.0,,0.2041041517,0.7468,3.961894108,-8.364154627,507.2153127,83.4894240470863,11.3848210904566,615.8746184134209,126.71238889613427,293.91905201444644,9.221966222598777,229.2634999970067,23.67511364970283,427.66686860712576,107.52780108814785,271.9078010892253,58.07872882599826,242.0655830636082,57.702944353032734,6.704527723076605,0.11524664503562737,2125.816188660369,357.8282324901651,7.493635570114576,0.04849929973869663,300.43409570865026,6.230354347823524,7.326049057808256,0.05056005710509235,234.01461818591656,20.45609172465552,0.0594613749423179,0.025327937372189604,0.03003907624670997,0.20378358256728865,0.20384731730471545,0.00015198005752843698,0.0001282246344911379,507.2153127,0.03003907624670997,0.20384731730471545,0.0001282246344911379,234.01461818591656,234.01461818591656,9.974454,-1.275406,-11.24986,6.85288,-3.235061934450699,-6.928321171071557,-19.166931311071558,-11.160148043587807
48,ER23-88,88,R,60823,01:02:00 PM,2023-06-08 13:02:00,Ephemeral stream tributary to LIl D,43.29287,-121.99039,5.91,7.26,20.0,,0.2148214555,0.7878,4.319466762,-10.41974805,778.6330482,,,874.8169797383043,172.01566010149594,306.10173237869094,11.978403487930903,252.62232789386894,26.743862103651946,613.9599559282101,154.29932382379556,320.3793526142983,65.62269683548604,272.4446133413705,64.9225042160204,6.678020791606902,0.10914459990224466,2348.6652726340776,362.4837865339026,7.318897507522661,0.05089636096996836,312.0773382185692,7.109121581213191,7.156948204694904,0.05057516628736946,262.8322833110044,21.649064208033924,0.06197319397318545,0.03789454030342434,0.048058413487219516,0.21461591339606736,0.21468559860623543,0.00011187419437724029,8.827121754943101e-05,778.6330482,0.048058413487219516,0.21468559860623543,8.827121754943101e-05,262.8322833110044,262.8322833110044,10.105668999999999,-1.281041,-11.386709999999999,6.91268,-3.3093846861828045,-8.353999666185752,-20.72932295618575,-12.660074967682373
49,ER23-89,89,R,60823,11:45:00 AM,2023-06-08 11:45:00,"farthest upstream main stem site in the northern subcatchment. river contains angular cobbles and boulders, some sand grains. Knickpoints consistently along the length of the stream largely set by down trees. did our best to avoid turbulent or bubbly water despite knickpoints. Some tree throw adjacent to stream contain large cobbles and boulders",43.30012,-121.99405,6.7,7.22,43.65,100.0,0.127744058,0.6256,3.084428672,-7.32299359,366.2666093,,,683.2155520487586,132.85561600158078,216.13085720948735,8.883393288362083,151.932628863832,16.19800711243457,403.84555822241623,101.51417011825684,137.79487648925252,27.936633105487374,115.85486772792724,27.62270992619902,6.495058808614272,0.08725583175732742,2150.2084421377363,225.34411288919935,7.527174192534158,0.04820453452749751,235.33906499829084,4.827935267764241,7.262343100964121,0.05055103388173241,149.66263033648326,12.82027321160058,0.06023177976119802,0.024226575036339217,0.02197222505694867,0.12764385388741759,0.1276218472722803,6.219994007519991e-05,6.855800725430274e-05,366.2666093,0.02197222505694867,0.1276218472722803,6.855800725430274e-05,149.66263033648326,149.66263033648326,10.01553,-1.2771700000000001,-11.2927,6.8716,-3.2583241949563844,-5.673014290591634,-17.954421590591632,-9.928080161353062
50,ER23-9 PZ,9,PZ,60623,12:00:00 AM,2023-06-06 00:00:00,"fish camp piezometer, no ph or temp data",43.29267,-121.90694,,,,,0.711794576,,45.87788757,-22.64300441,56661.8501,,,,,,,,,,,,,,,5.837178267284979,0.054002387783696905,55754.967870591325,1772.2492769082244,5.798223662263378,0.2545886999105724,661.0711120519558,202.31473245310187,5.830185780232911,0.05046306709819252,3873.7656582949394,202.5805120332874,0.05599750268221653,,3.1605094617054874,,0.713241116070757,,1.5080518695115203e-05,56661.8501,3.1605094617054874,0.713241116070757,1.5080518695115203e-05,3873.7656582949394,3873.7656582949394,,,,,,,,
51,ER23-90,90,R,60823,12:20:00 PM,2023-06-08 12:20:00,upstream tributary to the mains tem adjacent to site 89,43.29924,-121.99324,7.0,7.55,40.52,100.4,0.3263411111,0.3452,4.785643144,-8.446168189,420.0590347,,,543.6405619115868,115.57509780932025,366.97448612746444,9.59149688928627,354.6397849786104,36.101480242376155,483.4373968490186,121.59926254797189,308.14671499411344,67.85634146966922,283.5646764200113,67.62518175619235,7.147746015623157,0.241439612440875,1222.5480306250906,560.5489124597366,7.670460339902829,0.04700476022404104,374.4743061075573,7.363378934855544,7.610872022412688,0.05051477553907671,350.81128142917356,32.57979350865336,0.059588791444204786,0.028692125211589675,0.02493060424871501,0.3256052809945071,0.32548692682150404,0.0003423787725136306,0.00039375035895451596,420.0590347,0.02493060424871501,0.32548692682150404,0.00039375035895451596,350.81128142917356,350.81128142917356,9.9813,-1.2757,-11.257,6.856,-3.2389387252299127,-7.648694314129319,-19.89443731412932,-11.884394100634001
52,ER23-91,91,R,60823,03:01:00 PM,2023-06-08 15:01:00,"mainstem little deschutes in headwaters, upstream of orange frog pond, snow on ground, abundant hill break springs present",43.2890687,-121.985679,7.06,7.4,36.0,,0.2372637496,0.8056,4.406701023,-9.226496398,932.5305159,,,685.0196489406414,140.93855074332973,326.91585491142234,10.25529056045496,266.51362008336616,27.520481634140513,497.15303719820434,124.99148538449249,499.9106211466905,106.77947923556572,445.03088399803795,106.07060604912508,6.756406386030709,0.12436397696930886,2192.3578098795497,414.71695796084947,7.246197020177678,0.05191138431126549,312.14341743513745,7.4111285382022505,7.1272406493502745,0.050577471179545544,292.4416174193113,23.929286480380334,0.0594613749423179,0.029443152871674576,0.055227739715484954,0.2368937938410377,0.23711950957385855,0.00017667337065390188,9.436812996776371e-05,932.5305159,0.055227739715484954,0.23711950957385855,9.436812996776371e-05,292.4416174193113,292.4416174193113,9.974454,-1.275406,-11.24986,6.85288,-3.235061934450699,-7.116036761123474,-19.354646901123473,-11.347863633639722
53,ER23-92,92,SP,60823,,2023-06-08 00:00:00,spring in northern subcatchment. No time but likely around 3:30pm,43.28944,-121.98647,5.5,6.61,129.1,93.2,0.4495935213,0.698425,8.192023975,-13.05971665,4268.155605,,,4832.685202986665,625.402076363394,379.71426025395283,39.46959294501614,808.2224327018631,115.57746578543728,5721.493886970974,1436.9993118773364,602.922798550688,85.32452107463025,335.3302304207939,79.92978648790948,6.796909892537136,0.12900995796169823,3719.278864949918,742.6559024372932,6.702593663272556,0.07253048627041798,415.1456611758038,20.237372130848584,6.737172397663316,0.05059529874859942,717.0903144317203,47.710179900524565,0.06290537322523784,0.35844316500296347,0.26739366221560046,0.4497274613935009,0.4496272364337825,5.1806305398682294e-05,6.941578233737206e-05,4268.155605,0.26739366221560046,0.4496272364337825,6.941578233737206e-05,717.0903144317203,717.0903144317203,10.15245,-1.28305,-11.4355,6.934,-3.3358913424465486,-8.83291205147176,-21.25697655147176,-13.165467502575861
54,ER23-93,93,R,60823,04:10:00 PM,2023-06-08 16:10:00,tributary on south side of northern subcatchment,43.28686,-121.97719,5.72,7.21,22.0,,0.2748487089,0.7813,5.434215951,-8.317608485,807.6091361,,,1209.2861340961483,233.3437439587587,377.8406751288922,16.022501778498135,329.4225591779023,35.28564410236109,879.6841421048014,221.04193141391303,302.43203860985545,60.88108907911055,252.32716241435688,60.12690612746728,6.6982333076167775,0.11200898245209234,2861.7070919638404,460.19483337376664,7.413004188351564,0.04959138763432456,402.9687582998255,8.712621677250253,7.2470773216913,0.05057638397083077,324.92399289962196,27.614350134615822,0.06240271712707948,0.05467119191997942,0.0501918267736509,0.27462454306933204,0.2745940541954116,0.0001268241885908398,0.00013811193055943727,807.6091361,0.0501918267736509,0.2745940541954116,0.00013811193055943727,324.92399289962196,324.92399289962196,10.127348,-1.2819720000000001,-11.40932,6.92256,-3.321667671658809,-6.565350426867679,-18.963261106867677,-10.88369643085483
55,ER23-94,94,R,60823,04:45:00 AM,2023-06-08 04:45:00,location upstream of site 67 at landslide from Cappy Mt,43.29665,-121.9818,12.0,7.96,75.5,100.8,0.6937600923,0.4852,8.99030529,-6.928688829,,,,443.4475206049059,99.70395075040582,729.5949513912448,14.264295968807195,712.3791725148403,71.47804709943135,421.65790939312643,106.44464474984667,,,,,7.534961517115547,0.5756202592805748,1126.739107778896,1386.4558323285219,,,,,,,,,0.050187602911712675,0.021082601947649913,,0.6891410358649205,,0.0021555347022698423,,421.65790939312643,0.021082601947649913,0.6891410358649205,0.0021555347022698423,712.3791725148403,712.3791725148403,9.4108,-1.2512,-10.662,6.596,-2.916219281984519,-6.606469743690917,-18.25780774369092,-10.519772806393451
56,ER23-95,95,P,60923,12:00:00 AM,2023-06-09 00:00:00,Frog pond,43.2935,-121.9649,7.85,7.07,58.965,,0.5151461003,0.8328074,9.443695719,-16.15031232,2721.593582,,,2824.7860277327545,518.6235712764707,624.4595334938995,31.86105734518158,649.2249910389374,71.93571037786711,2330.3440578061004,585.3928061290235,758.2256203614202,145.84018772588146,601.6452879224811,143.30996209848595,6.763827248903163,0.12752630290390599,4718.840277973408,926.1380777508095,7.09026955970337,0.05508117258910572,630.4205693293627,17.030274084494895,7.002656796576922,0.05059847750140148,671.8020754254162,52.325888600744946,0.057819597391312975,0.13420611801330207,0.1567384473664398,0.5148349012774431,0.5149060600836917,0.0001839717481922474,0.0001575679752848491,2721.593582,0.1567384473664398,0.5149060600836917,0.0001575679752848491,671.8020754254162,671.8020754254162,9.884314999999999,-1.271535,-11.15585,6.8118,-3.1840269460359334,-13.5821505353134,-25.7268446853134,-17.762993454403297
57,ER23-96,96,R_EX,60923,02:20:00 PM,2023-06-09 14:20:00,Very small creek draining the eastern part of the central butte to the north. Excluded because DEM cant generate stream channel here,43.29118,-121.94437,16.1,5.8,21.81,72.3,0.2128982084,1.868,6.826873501,-17.44458768,3633.124953,,,10416.807291974294,507.98626278341516,110.38987893957056,21.172401220019143,1089.7310160092068,230.35651418647788,19953.235680478032,5034.096149935962,198.42039705844041,14.920252384989695,37.47118067757073,9.6482131181716,6.189495845811372,0.0700814073747581,8101.647328743344,536.1806297306929,6.820551324785999,0.0612837338859794,409.5229418820802,14.035782722911694,6.5369820923579285,0.05051309522997148,372.5118720153856,23.31378835858712,0.04402214921837262,0.8752562201407751,0.15936839841836245,0.21446962359682525,0.21311542491173688,5.17227160648144e-06,2.8048685286308985e-05,3633.124953,0.15936839841836245,0.21311542491173688,2.8048685286308985e-05,372.5118720153856,372.5118720153856,8.94299,-1.2311100000000001,-10.1741,6.3828,-2.6521120991883524,-13.148930327045273,-24.312856227045273,-16.798390314134437
58,ER23-97,97,R,61123,12:45:00 PM,2023-06-11 12:45:00,arrived from hiking ridge/topo line downstream from 81,43.27547,-121.95921,5.51,7.46,18.0,,0.2144175726,0.648,3.791377472,-7.547331525,564.1769482,,,510.0152636726131,106.03797996038378,284.2610023906302,8.426394314475926,238.31325732767763,24.487139232249167,384.69416354433037,96.73093878760578,349.50061367187067,75.3827719037945,314.4461651984778,74.95902081418159,6.83651041096433,0.13693316390030663,1619.7799668858315,353.1468433470792,7.4109876099126035,0.04964725595049987,280.83180210661743,6.086246488104828,7.293993845736294,0.05056757406659028,249.64284565107207,21.514987063997758,0.06288240049024092,0.024091734376708526,0.03533196618391158,0.21404690850073213,0.21419165438996424,0.00017461445023696614,0.00011922507719623817,564.1769482,0.03533196618391158,0.21419165438996424,0.00011922507719623817,249.64284565107207,249.64284565107207,10.151309,-1.283001,-11.43431,6.933479999999999,-3.3352447824674147,-5.937057512085833,-18.359933202085834,-10.26896704977078
59,ER23-98,98,R,61123,01:22:00 PM,2023-06-11 13:22:00,small( liters per second) stream on countour crossing downstream on right side of south catchment,43.27524,-121.9583,8.42,,19.0,,0.3417360741,0.8897,5.172635406,-8.305100293,,,,,,,,,,,,,,,,7.0624267306266315,0.2119874494395927,1583.305662269333,618.4924579143027,,,,,,,,,0.056675265319491006,,,,,,,,,,,,,9.819277999999999,-1.268742,-11.088019999999998,6.78216,-3.1472151098050185,,,
60,ER23-99,99,R,61123,02:12:00 PM,2023-06-11 14:12:00,"next stream down crossing topographic high on right side of southern subcatchment, ~1.5 m wide, black sand and pumice bottom, lots of vegetation/mosses",43.27649,-121.95094,7.25,7.68,38.0,,0.4553507125,0.6757,6.328928474,-6.152187159,514.9358101,,,545.879450672339,118.60483116443261,496.0949304555287,11.441648073535761,484.0867980892287,48.9194802337438,501.0384361351461,126.1022556317376,497.51398207213606,111.80661118534564,467.9783847254764,111.67156091949653,7.29100305381381,0.31977377047365046,1229.3958156565322,785.7659395755198,7.706897178190735,0.04674522882222679,497.97129211245084,9.707911686781125,7.66815461895772,0.05049966773387169,484.9252354834842,45.434581223820636,0.05906045786312433,0.029473482803408627,0.030290992964355817,0.4539644234898806,0.4540027567425901,0.000648891795939492,0.0006314857765382378,514.9358101,0.030290992964355817,0.4540027567425901,0.0006314857765382378,484.9252354834842,484.9252354834842,9.952774999999999,-1.274475,-11.22725,6.843,-3.2227860969570603,-5.450522369470464,-17.666545119470463,-9.670085680330567
61,ER23-9G,9G,SP,61323,11:30:00 AM,2023-06-13 11:30:00,spring west of parking at fish camp,43.29317,-121.90714,5.0,7.21,44.94,91.0,0.651385876,0.2408,9.324655051,-16.61038254,2810.11,,,2052.7225660844147,394.868161665707,646.3383507275701,27.74161789720437,783.1226338921017,84.04238433967582,2068.7523480187742,519.732182013512,1063.7622946188255,213.5319175859247,884.827696956016,210.77101545154858,7.230353264609279,0.27108670997067363,1973.9384334627055,1039.7926635089802,7.039906613821956,0.057346372002375606,597.8639778805657,17.670561667464074,7.077108444788101,0.05060164381771213,830.5331115312405,65.97106156184272,0.06406938326617466,0.13199891885262635,0.1793020233727786,0.650829974633619,0.6510147189797727,0.00029374040585627715,0.00021636917868912556,2810.11,0.1793020233727786,0.6510147189797727,0.00021636917868912556,830.5331115312405,830.5331115312405,10.209499999999998,-1.2855,-11.495,6.96,-3.368222922494069,-14.163033857050525,-26.646538857050523,-18.5278885566221
62,ER23-9,,R,,,2023-06-06 00:00:00,,43.29267,-121.90694,9.55,7.225,42.575,95.25,0.3314805178,1.8875,5.823671089,-12.929243475,1817.6635430000001,348.347897855497,21.3075976048995,1419.8341505064852,271.06956469300115,409.56460794476465,16.468568300831514,417.91115019740874,46.32060328565114,1662.1889833010941,417.60542492614775,704.1132940673625,145.80664609604284,605.8982545085066,144.3940818362212,6.780803953826906,0.13679322320814225,3020.898542597985,657.432690607811,7.062474172603723,0.055357825003329364,386.79717549427266,10.570036850913878,6.97958707588477,0.05058603642320908,430.8686043820744,33.649178644604035,0.05457445969472877,0.08649440325039363,0.09941813637588205,0.33129628270625944,0.33134563213447665,0.00012046424075569261,0.00010483587171569677,1817.6635430000001,0.09941813637588205,0.33134563213447665,0.00010483587171569677,430.8686043820744,430.8686043820744,9.690345,-1.2632050000000001,-10.95355,6.7234,-3.0742861143549916,-9.640562132741266,-21.434557332741264,-13.631176540938636
